Feature,Coefficient
Renal failure,-0.3253426799777124
deficiencyanemias,-0.2768566379840852
Blood calcium,-0.23778304246191756
Urea nitrogen,0.22766175281228163
Bicarbonate,-0.21046253494172346
Urine output,-0.1994198340257618
Leucocyte,0.1974398154324608
Platelets,-0.19587015504952018
COPD,-0.1944412097025884
PCO2,0.19427456585417768
Creatinine,-0.16903881521240988
heart rate,0.1592867005777382
